START TRANSACTION;

INSERT INTO `genres` (`Id`, `Name`, `isDeleted`) VALUES
(1, 'Action', 0),
(2, 'Drama', 0),
(3, 'Comedy', 0),
(4, 'Romance', 0),
(5, 'Sci-Fi', 0),
(6, 'Thriller', 0),
(7, 'Documentary', 0),
(8, 'Animation', 0),
(9, 'Horror', 0),
(10, 'Crime', 0),
(11, 'Fantasy', 0),
(12, 'Biography', 0);


INSERT INTO `users` (`Id`, `Email`, `FullName`, `CreatedAt`, `UpdatedAt`, `isDeleted`) VALUES
(1, 'nguyen.vana@example.com', 'Nguyễn Văn An', '2020-01-15 10:00:00', NULL, 0),
(2, 'tran.thib@example.com', 'Trần Thị Bình', '2020-03-20 11:30:00', '2023-11-01 15:45:00', 0),
(3, 'le.hcc@example.com', 'Lê Hữu Cảnh', '2021-06-01 08:00:00', NULL, 0),
(4, 'pham.thuyd@example.com', 'Phạm Thúy Duyên', '2021-11-10 14:20:00', '2024-05-15 09:10:00', 0),
(5, 'hoang.mte@example.com', 'Hoàng Minh Tuấn Em', '2022-01-25 09:45:00', NULL, 0),
(6, 'david.lee@example.com', 'David Lee', '2022-04-12 16:00:00', NULL, 0),
(7, 'anna.kim@example.com', 'Anna Kim', '2022-08-05 17:30:00', '2024-01-20 11:00:00', 0),
(8, 'ngov.f@example.com', 'Ngô Văn F', '2023-02-28 12:00:00', NULL, 0),
(9, 'dinh.gt@example.com', 'Đinh Giao Thúy', '2023-05-18 13:40:00', NULL, 0),
(10, 'john.smith@example.com', 'John Smith', '2023-07-07 14:50:00', '2024-09-01 10:30:00', 0),
(11, 'user11@example.com', 'User Eleven', '2023-09-01 10:00:00', NULL, 0),
(12, 'user12@example.com', 'User Twelve', '2023-09-15 11:00:00', NULL, 0),
(13, 'user13@example.com', 'User Thirteen', '2023-10-01 12:00:00', NULL, 0),
(14, 'user14@example.com', 'User Fourteen', '2023-10-15 13:00:00', NULL, 0),
(15, 'user15@example.com', 'User Fifteen', '2023-11-01 14:00:00', NULL, 0),
(16, 'user16@example.com', 'User Sixteen', '2023-11-15 15:00:00', NULL, 0),
(17, 'user17@example.com', 'User Seventeen', '2023-12-01 16:00:00', NULL, 0),
(18, 'user18@example.com', 'User Eighteen', '2023-12-15 17:00:00', NULL, 0),
(19, 'user19@example.com', 'User Nineteen', '2024-01-01 18:00:00', NULL, 0),
(20, 'user20@example.com', 'User Twenty', '2024-01-15 19:00:00', NULL, 0),
(21, 'user21@example.com', 'User Twenty-One', '2024-02-01 20:00:00', NULL, 0),
(22, 'user22@example.com', 'User Twenty-Two', '2024-02-15 21:00:00', NULL, 0),
(23, 'user23@example.com', 'User Twenty-Three', '2024-03-01 22:00:00', NULL, 0),
(24, 'user24@example.com', 'User Twenty-Four', '2024-03-15 23:00:00', NULL, 0),
(25, 'user25@example.com', 'User Twenty-Five', '2024-04-01 08:00:00', NULL, 0),
(26, 'user26@example.com', 'User Twenty-Six', '2024-04-15 09:00:00', NULL, 0),
(27, 'user27@example.com', 'User Twenty-Seven', '2024-05-01 10:00:00', NULL, 0),
(28, 'user28@example.com', 'User Twenty-Eight', '2024-05-15 11:00:00', NULL, 0),
(29, 'user29@example.com', 'User Twenty-Nine', '2024-06-01 12:00:00', NULL, 0),
(30, 'user30@example.com', 'User Thirty', '2024-06-15 13:00:00', NULL, 0),
(31, 'user31@example.com', 'User Thirty-One', '2024-07-01 14:00:00', NULL, 0),
(32, 'user32@example.com', 'User Thirty-Two', '2024-07-15 15:00:00', NULL, 0),
(33, 'user33@example.com', 'User Thirty-Three', '2024-08-01 16:00:00', NULL, 0),
(34, 'user34@example.com', 'User Thirty-Four', '2024-08-15 17:00:00', NULL, 0),
(35, 'user35@example.com', 'User Thirty-Five', '2024-09-01 18:00:00', NULL, 0),
(36, 'user36@example.com', 'User Thirty-Six', '2024-09-15 19:00:00', NULL, 0),
(37, 'user37@example.com', 'User Thirty-Seven', '2024-10-01 20:00:00', NULL, 0),
(38, 'user38@example.com', 'User Thirty-Eight', '2024-10-15 21:00:00', NULL, 0),
(39, 'user39@example.com', 'User Thirty-Nine', '2024-11-01 22:00:00', NULL, 0),
(40, 'user40@example.com', 'User Forty', '2024-11-15 23:00:00', NULL, 0),
(41, 'user41@example.com', 'User Forty-One', '2024-12-01 08:00:00', NULL, 0),
(42, 'user42@example.com', 'User Forty-Two', '2025-01-01 09:00:00', NULL, 0),
(43, 'user43@example.com', 'User Forty-Three', '2025-01-15 10:00:00', NULL, 0),
(44, 'user44@example.com', 'User Forty-Four', '2025-02-01 11:00:00', NULL, 0),
(45, 'user45@example.com', 'User Forty-Five', '2025-02-15 12:00:00', NULL, 0),
(46, 'user46@example.com', 'User Forty-Six', '2025-03-01 13:00:00', NULL, 0),
(47, 'user47@example.com', 'User Forty-Seven', '2025-03-15 14:00:00', NULL, 0),
(48, 'user48@example.com', 'User Forty-Eight', '2025-04-01 15:00:00', NULL, 0),
(49, 'user49@example.com', 'User Forty-Nine', '2025-04-15 16:00:00', NULL, 0),
(50, 'deleted.user@example.com', 'Deleted User', '2020-01-01 08:00:00', '2023-01-01 08:00:00', 1);


INSERT INTO `account` (`Id`, `UserId`, `Role`, `isDeleted`, `PasswordHash`, `Username`) VALUES
(1, 1, 'Admin', 0, 'HASH_nguyenvana', 'nguyenvana'),
(2, 2, 'User', 0, 'HASH_tranthib', 'tranthib'),
(3, 3, 'User', 0, 'HASH_lehcc', 'lehcc'),
(4, 4, 'User', 0, 'HASH_phamthuy', 'phamthuy'),
(5, 5, 'User', 0, 'HASH_hoangmt', 'hoangmt'),
(6, 6, 'Moderator', 0, 'HASH_davidlee', 'davidlee'),
(7, 7, 'User', 0, 'HASH_annakim', 'annakim'),
(8, 8, 'User', 0, 'HASH_ngovf', 'ngovf'),
(9, 9, 'User', 0, 'HASH_dinhgt', 'dinhgt'),
(10, 10, 'User', 0, 'HASH_johnsmith', 'johnsmith');


INSERT INTO `refeshtokens` (`Id`, `Token`, `ExpiresAt`, `CreatedAt`, `IsRevoked`, `AccountId`) VALUES
(1, 'token_a1_1', '2026-01-01 10:00:00', '2024-01-01 10:00:00', 0, 1),
(2, 'token_a2_1', '2026-03-15 11:30:00', '2024-03-15 11:30:00', 0, 2),
(3, 'token_a3_1', '2026-06-01 08:00:00', '2024-06-01 08:00:00', 0, 3),
(4, 'token_a4_1', '2026-11-10 14:20:00', '2024-11-10 14:20:00', 0, 4),
(5, 'token_a5_1', '2027-01-25 09:45:00', '2025-01-25 09:45:00', 0, 5),
(6, 'token_a6_1', '2027-04-12 16:00:00', '2025-04-12 16:00:00', 0, 6),
(7, 'token_a7_1', '2027-08-05 17:30:00', '2025-08-05 17:30:00', 0, 7),
(8, 'token_a8_1', '2027-02-28 12:00:00', '2025-02-28 12:00:00', 0, 8),
(9, 'token_a9_1', '2027-05-18 13:40:00', '2025-05-18 13:40:00', 0, 9),
(10, 'token_a10_1', '2027-07-07 14:50:00', '2025-07-07 14:50:00', 0, 10);


INSERT INTO `directors` (`Id`, `Name`, `BirthDate`, `Bio`, `isDeleted`) VALUES
(1, 'Christopher Nolan', '1970-07-30 00:00:00', 'Acclaimed British-American filmmaker known for complex narratives.', 0),
(2, 'Greta Gerwig', '1983-08-04 00:00:00', 'Director and actress, noted for her unique coming-of-age films.', 0),
(3, 'Quentin Tarantino', '1963-03-27 00:00:00', 'Director known for stylized violence, nonlinear storylines, and sharp dialogue.', 0),
(4, 'Lý Hải', '1969-06-28 00:00:00', 'Vietnamese director popular for action and comedy films.', 0),
(5, 'Park Chan-wook', '1963-08-23 00:00:00', 'South Korean director known for his thrillers.', 0),
(6, 'Denis Villeneuve', '1967-10-03 00:00:00', 'Canadian filmmaker specializing in sci-fi and drama.', 0),
(7, 'Jane Campion', '1954-04-30 00:00:00', 'New Zealand director, the first female director to receive the Palme d''Or.', 0),
(8, 'Bong Joon-ho', '1969-09-14 00:00:00', 'South Korean director of acclaimed films like "Parasite".', 0),
(9, 'Hayao Miyazaki', '1941-01-05 00:00:00', 'Legendary Japanese animation director and co-founder of Studio Ghibli.', 0),
(10, 'Sofia Coppola', '1971-05-14 00:00:00', 'American filmmaker known for her distinctive visual style and female-centric stories.', 0),
(11, 'Ridley Scott', '1937-11-30 00:00:00', 'British director known for groundbreaking sci-fi and historical epics.', 0),
(12, 'Wes Anderson', '1969-05-01 00:00:00', 'American filmmaker known for his distinctive visual and narrative style.', 0),
(13, 'Chloé Zhao', '1982-03-31 00:00:00', 'Chinese filmmaker known for her naturalistic storytelling.', 0),
(14, 'Jordan Peele', '1979-02-21 00:00:00', 'American director and comedian, revitalizing the horror genre.', 0),
(15, 'Steven Spielberg', '1946-12-18 00:00:00', 'One of the most commercially successful directors in film history.', 0),
(16, 'Céline Sciamma', '1978-11-12 00:00:00', 'French screenwriter and director known for feminist themes.', 0),
(17, 'Park Jeong-woo', '1969-07-28 00:00:00', 'South Korean director.', 0),
(18, 'Agnès Varda', '1928-05-30 00:00:00', 'Pioneering figure of the French New Wave. (Soft-deleted example)', 1),
(19, 'Đỗ Thanh Hải', '1970-07-16 00:00:00', 'Vietnamese TV and film director.', 0),
(20, 'Martin Scorsese', '1942-11-17 00:00:00', 'Master of crime and biographical films.', 0);


INSERT INTO `actors` (`Id`, `Name`, `BirthDate`, `Bio`, `isDeleted`) VALUES
(1, 'Leonardo DiCaprio', '1974-11-11 00:00:00', 'A highly versatile and award-winning American actor.', 0),
(2, 'Scarlett Johansson', '1984-11-22 00:00:00', 'One of Hollywood''s highest-paid actresses.', 0),
(3, 'Tom Hanks', '1956-07-09 00:00:00', 'American actor and filmmaker, known for both comedic and dramatic roles.', 0),
(4, 'Ngô Thanh Vân', '1979-02-26 00:00:00', 'Vietnamese actress, singer, and producer.', 0),
(5, 'Christian Bale', '1974-01-30 00:00:00', 'Known for his intense method acting.', 0),
(6, 'Florence Pugh', '1996-01-03 00:00:00', 'British actress receiving critical acclaim for diverse roles.', 0),
(7, 'Song Kang-ho', '1967-01-17 00:00:00', 'Acclaimed South Korean actor.', 0),
(8, 'Timothée Chalamet', '1995-12-27 00:00:00', 'Popular young actor known for indie and blockbuster films.', 0),
(9, 'Léa Seydoux', '1985-07-01 00:00:00', 'Award-winning French actress.', 0),
(10, 'Robert Downey Jr.', '1965-04-04 00:00:00', 'Known for his role as Iron Man in the MCU.', 0),
(11, 'Emma Stone', '1988-11-06 00:00:00', 'Oscar-winning actress.', 0),
(12, 'Brad Pitt', '1963-12-18 00:00:00', 'Iconic American actor and producer.', 0),
(13, 'Tilda Swinton', '1960-11-05 00:00:00', 'Versatile British actress.', 0),
(14, 'Anya Taylor-Joy', '1996-04-16 00:00:00', 'Known for roles in horror and period dramas.', 0),
(15, 'Ryan Gosling', '1980-11-12 00:00:00', 'Canadian actor and musician.', 0),
(16, 'Margot Robbie', '1990-07-02 00:00:00', 'Australian actress and producer.', 0),
(17, 'Matt Damon', '1970-10-08 00:00:00', 'Academy Award-winning actor and screenwriter.', 0),
(18, 'Jodie Comer', '1993-03-11 00:00:00', 'British actress known for her TV and film roles.', 0),
(19, 'Channing Tatum', '1980-04-26 00:00:00', 'American actor and dancer.', 0),
(20, 'Daniel Day-Lewis', '1957-04-29 00:00:00', 'Widely regarded as one of the greatest actors of his generation.', 0),
(21, 'Cate Blanchett', '1969-05-14 00:00:00', 'Australian actress known for her versatility.', 0),
(22, 'Cillian Murphy', '1976-05-25 00:00:00', 'Irish actor, frequent collaborator with Christopher Nolan.', 0),
(23, 'Emily Blunt', '1983-02-23 00:00:00', 'British-American actress.', 0),
(24, 'Thúy Ngân', '1988-04-18 00:00:00', 'Vietnamese actress.', 0),
(25, 'Kiều Minh Tuấn', '1988-02-26 00:00:00', 'Vietnamese actor.', 0),
(26, 'Michelle Yeoh', '1962-08-06 00:00:00', 'Malaysian actress known for action roles.', 0),
(27, 'Awkwafina', '1988-06-02 00:00:00', 'American actress and rapper.', 0),
(28, 'Zendaya', '1996-09-01 00:00:00', 'American actress and singer.', 0),
(29, 'Will Smith', '1968-09-25 00:00:00', 'American actor and producer.', 0),
(30, 'Deleted Actor', '1980-01-01 00:00:00', 'This actor is soft-deleted.', 1);


INSERT INTO `films` (`Id`, `Title`, `ReleaseDate`, `DirectorId`, `Synopsis`, `PosterUrl`, `TrailerUrl`, `CreatedAt`, `UpdatedAt`, `isDeleted`) VALUES
(1, 'Inception', '2010-07-16 00:00:00', 1, 'A thief who steals corporate secrets through dream-sharing technology is given the inverse task of planting an idea into the mind of a CEO.', 'http://dummy.com/poster/inception.jpg', 'http://dummy.com/trailer/inception.mp4', '2015-01-01 09:00:00', NULL, 0),
(2, 'Barbie', '2023-07-21 00:00:00', 2, 'Barbie suffers a crisis that leads her to question her world and her existence.', 'http://dummy.com/poster/barbie.jpg', 'http://dummy.com/trailer/barbie.mp4', '2023-08-01 10:00:00', NULL, 0),
(3, 'Pulp Fiction', '1994-10-14 00:00:00', 3, 'The lives of two mob hitmen, a boxer, a gangster and his wife, and a pair of diner bandits intertwine in four tales of violence and redemption.', 'http://dummy.com/poster/pulpfiction.jpg', 'http://dummy.com/trailer/pulpfiction.mp4', '2015-05-20 12:00:00', NULL, 0),
(4, 'Lật Mặt 7: Một Điều Ước', '2024-04-26 00:00:00', 4, 'A heartwarming story about family bonds and a mother''s unwavering love.', 'http://dummy.com/poster/latmat7.jpg', 'http://dummy.com/trailer/latmat7.mp4', '2024-03-01 11:30:00', NULL, 0),
(5, 'Oldboy', '2003-11-21 00:00:00', 5, 'After being kidnapped and imprisoned for fifteen years, Oh Dae-Su is released, only to find that he must find his captor in five days.', 'http://dummy.com/poster/oldboy.jpg', 'http://dummy.com/trailer/oldboy.mp4', '2016-10-10 14:00:00', NULL, 0),
(6, 'Dune: Part Two', '2024-03-01 00:00:00', 6, 'Paul Atreides unites with Chani and the Fremen while seeking revenge against the conspirators who destroyed his family.', 'http://dummy.com/poster/dune2.jpg', 'http://dummy.com/trailer/dune2.mp4', '2024-02-10 15:00:00', NULL, 0),
(7, 'The Piano', '1993-11-11 00:00:00', 7, 'A mute woman is sent to New Zealand along with her daughter and her beloved piano for an arranged marriage.', 'http://dummy.com/poster/thepiano.jpg', 'http://dummy.com/trailer/thepiano.mp4', '2017-03-05 16:00:00', NULL, 0),
(8, 'Parasite', '2019-05-30 00:00:00', 8, 'Greed and class discrimination threaten the newly formed symbiotic relationship between the wealthy Park family and the destitute Kim clan.', 'http://dummy.com/poster/parasite.jpg', 'http://dummy.com/trailer/parasite.mp4', '2019-06-01 17:00:00', NULL, 0),
(9, 'Spirited Away', '2001-07-20 00:00:00', 9, 'During her family''s move to the suburbs, a sullen 10-year-old girl wanders into a world ruled by gods, witches, and spirits.', 'http://dummy.com/poster/spiritedaway.jpg', 'http://dummy.com/trailer/spiritedaway.mp4', '2018-09-01 18:00:00', NULL, 0),
(10, 'Lost in Translation', '2003-09-12 00:00:00', 10, 'A faded movie star and a young woman strike up an unlikely friendship in Tokyo.', 'http://dummy.com/poster/lostintranslation.jpg', 'http://dummy.com/trailer/lostintranslation.mp4', '2016-01-20 19:00:00', NULL, 0),
(11, 'Blade Runner 2049', '2017-10-06 00:00:00', 6, 'Young Blade Runner K''s discovery of a long-buried secret leads him to track down former Blade Runner Rick Deckard, who''s been missing for thirty years.', 'http://dummy.com/poster/br2049.jpg', 'http://dummy.com/trailer/br2049.mp4', '2017-01-01 08:00:00', NULL, 0),
(12, 'Oppenheimer', '2023-07-21 00:00:00', 1, 'The story of J. Robert Oppenheimer, the father of the atomic bomb.', 'http://dummy.com/poster/oppenheimer.jpg', 'http://dummy.com/trailer/oppenheimer.mp4', '2023-01-01 09:30:00', NULL, 0),
(13, 'The Grand Budapest Hotel', '2014-03-07 00:00:00', 12, 'The adventures of Gustave H, a legendary concierge at a famous European hotel between the wars, and Zero Moustafa, the lobby boy who becomes his most trusted friend.', 'http://dummy.com/poster/gbh.jpg', 'http://dummy.com/trailer/gbh.mp4', '2014-04-01 10:00:00', NULL, 0),
(14, 'Nomadland', '2020-09-04 00:00:00', 13, 'After losing everything in the Great Recession, a woman embarks on a journey through the American West, living as a van-dwelling modern-day nomad.', 'http://dummy.com/poster/nomadland.jpg', 'http://dummy.com/trailer/nomadland.mp4', '2021-01-01 11:00:00', NULL, 0),
(15, 'Get Out', '2017-02-24 00:00:00', 14, 'A young Black man visits his white girlfriend''s parents for the weekend, but soon discovers something sinister lurking beneath their polite facade.', 'http://dummy.com/poster/getout.jpg', 'http://dummy.com/trailer/getout.mp4', '2017-03-01 12:00:00', NULL, 0),
(16, 'Jurassic Park', '1993-06-11 00:00:00', 15, 'A pragmatic paleontologist visits an almost complete theme park of cloned dinosaurs.', 'http://dummy.com/poster/jurassicpark.jpg', 'http://dummy.com/trailer/jurassicpark.mp4', '2015-02-01 13:00:00', NULL, 0),
(17, 'Portrait of a Lady on Fire', '2019-09-18 00:00:00', 16, 'In 1770 France, a painter is commissioned to paint a wedding portrait of a young woman without her knowing.', 'http://dummy.com/poster/portrait.jpg', 'http://dummy.com/trailer/portrait.mp4', '2020-01-01 14:00:00', NULL, 0),
(18, 'The Flu', '2013-08-14 00:00:00', 17, 'A deadly strain of the H5N1 bird flu virus emerges in a suburb of Seoul.', 'http://dummy.com/poster/theflu.jpg', 'http://dummy.com/trailer/theflu.mp4', '2016-05-01 15:00:00', NULL, 0),
(19, 'The Irishman', '2019-11-27 00:00:00', 20, 'A mob hitman recalls his possible involvement with the disappearance of union boss Jimmy Hoffa.', 'http://dummy.com/poster/irishman.jpg', 'http://dummy.com/trailer/irishman.mp4', '2019-08-01 16:00:00', NULL, 0),
(20, 'The Martian', '2015-10-02 00:00:00', 11, 'An astronaut is presumed dead after a fierce storm and is left behind by his crew during a mission to Mars.', 'http://dummy.com/poster/themartian.jpg', 'http://dummy.com/trailer/themartian.mp4', '2015-09-01 17:00:00', NULL, 0),
(21, 'Tenet', '2020-08-26 00:00:00', 1, 'Armed with only one word, Tenet, and fighting for the survival of the entire world, a Protagonist journeys through a twilight world of international espionage on a mission that will unfold in something beyond real time.', 'http://dummy.com/poster/tenet.jpg', 'http://dummy.com/trailer/tenet.mp4', '2020-05-01 18:00:00', NULL, 0),
(22, 'Little Women', '2019-12-25 00:00:00', 2, 'Jo March reflects back and forth on her life, telling the beloved story of the March sisters.', 'http://dummy.com/poster/littlewomen.jpg', 'http://dummy.com/trailer/littlewomen.mp4', '2019-11-01 19:00:00', NULL, 0),
(23, 'Once Upon a Time in Hollywood', '2019-07-26 00:00:00', 3, 'A faded TV actor and his stunt double strive to achieve fame and success in the film industry during the final years of Hollywood''s Golden Age in 1969 Los Angeles.', 'http://dummy.com/poster/ouatih.jpg', 'http://dummy.com/trailer/ouatih.mp4', '2019-05-01 20:00:00', NULL, 0),
(24, 'Hai Phượng (Furie)', '2019-02-22 00:00:00', NULL, 'A retired gangster is forced to return to her violent ways when her daughter is kidnapped.', 'http://dummy.com/poster/haiphuong.jpg', 'http://dummy.com/trailer/haiphuong.mp4', '2019-01-01 21:00:00', NULL, 0),
(25, 'The Handmaiden', '2016-06-01 00:00:00', 5, 'A Japanese heiress falls for a con artist posing as her handmaiden.', 'http://dummy.com/poster/handmaiden.jpg', 'http://dummy.com/trailer/handmaiden.mp4', '2016-04-01 22:00:00', NULL, 0),
(26, 'Arrival', '2016-11-11 00:00:00', 6, 'A linguist is recruited by the military to communicate with alien lifeforms.', 'http://dummy.com/poster/arrival.jpg', 'http://dummy.com/trailer/arrival.mp4', '2016-09-01 23:00:00', NULL, 0),
(27, 'The Power of the Dog', '2021-12-01 00:00:00', 7, 'A wealthy but intimidating rancher inspires fear and awe in those around him.', 'http://dummy.com/poster/powerofthedog.jpg', 'http://dummy.com/trailer/powerofthedog.mp4', '2021-10-01 08:00:00', NULL, 0),
(28, 'Memories of Murder', '2003-05-02 00:00:00', 8, 'In a small South Korean province, two detectives struggle with the case of multiple young women being raped and murdered by an unknown culprit.', 'http://dummy.com/poster/memoriesofmurder.jpg', 'http://dummy.com/trailer/memoriesofmurder.mp4', '2016-02-01 09:00:00', NULL, 0),
(29, 'Princess Mononoke', '1997-07-12 00:00:00', 9, 'A prince becomes involved in a conflict between forest spirits and the humans.', 'http://dummy.com/poster/mononoke.jpg', 'http://dummy.com/trailer/mononoke.mp4', '2017-05-01 10:00:00', NULL, 0),
(30, 'Marie Antoinette', '2006-10-20 00:00:00', 10, 'A look at the life of the ill-fated Archduchess of Austria and Queen of France.', 'http://dummy.com/poster/marieantoinette.jpg', 'http://dummy.com/trailer/marieantoinette.mp4', '2015-07-01 11:00:00', NULL, 0),
(31, 'Alien', '1979-05-25 00:00:00', 11, 'The crew of a commercial space tug encounter a deadly alien lifeform.', 'http://dummy.com/poster/alien.jpg', 'http://dummy.com/trailer/alien.mp4', '2015-03-01 12:00:00', NULL, 0),
(32, 'Isle of Dogs', '2018-03-23 00:00:00', 12, 'A boy embarks on an odyssey in search of his lost dog.', 'http://dummy.com/poster/isleofdogs.jpg', 'http://dummy.com/trailer/isleofdogs.mp4', '2018-01-01 13:00:00', NULL, 0),
(33, 'Eternals', '2021-11-05 00:00:00', 13, 'The Eternals, a race of immortal beings with superhuman powers who have secretly lived on Earth for thousands of years, reunite to fight the Deviants.', 'http://dummy.com/poster/eternals.jpg', 'http://dummy.com/trailer/eternals.mp4', '2021-09-01 14:00:00', '2024-01-01 14:00:00', 0),
(34, 'Nope', '2022-07-22 00:00:00', 14, 'Residents of a secluded gulch in California witness a mysterious and abnormal event.', 'http://dummy.com/poster/nope.jpg', 'http://dummy.com/trailer/nope.mp4', '2022-05-01 15:00:00', NULL, 0),
(35, 'Schindler''s List', '1993-12-15 00:00:00', 15, 'In German-occupied Poland during World War II, industrialist Oskar Schindler gradually becomes concerned for his Jewish workforce.', 'http://dummy.com/poster/schindlerslist.jpg', 'http://dummy.com/trailer/schindlerslist.mp4', '2015-04-01 16:00:00', NULL, 0),
(36, 'Titanic', '1997-12-19 00:00:00', NULL, 'A seventeen-year-old aristocrat falls in love with a kind but poor artist aboard the ill-fated RMS Titanic.', 'http://dummy.com/poster/titanic.jpg', 'http://dummy.com/trailer/titanic.mp4', '2015-06-01 17:00:00', NULL, 0),
(37, 'Joker', '2019-10-04 00:00:00', NULL, 'A mentally troubled comedian embarks on a downward spiral into madness and crime.', 'http://dummy.com/poster/joker.jpg', 'http://dummy.com/trailer/joker.mp4', '2019-07-01 18:00:00', NULL, 0),
(38, 'Gone Girl', '2014-10-03 00:00:00', NULL, 'When a woman disappears on her fifth wedding anniversary, her husband becomes the prime suspect.', 'http://dummy.com/poster/gonegirl.jpg', 'http://dummy.com/trailer/gonegirl.mp4', '2015-08-01 19:00:00', NULL, 0),
(39, 'No Country for Old Men', '2007-11-09 00:00:00', NULL, 'Violence and mayhem ensue after a hunter stumbles upon a drug deal gone wrong.', 'http://dummy.com/poster/nocountry.jpg', 'http://dummy.com/trailer/nocountry.mp4', '2015-11-01 20:00:00', NULL, 0),
(40, 'The Lord of the Rings: The Fellowship of the Ring', '2001-12-19 00:00:00', NULL, 'A young hobbit inherits a powerful ring and embarks on a quest to destroy it.', 'http://dummy.com/poster/lotr1.jpg', 'http://dummy.com/trailer/lotr1.mp4', '2015-12-01 21:00:00', NULL, 0),
(41, 'Interstellar', '2014-11-07 00:00:00', 1, 'A team of explorers travel through a wormhole in space in an attempt to ensure humanity''s survival.', 'http://dummy.com/poster/interstellar.jpg', 'http://dummy.com/trailer/interstellar.mp4', '2014-10-01 22:00:00', NULL, 0),
(42, 'Mad Max: Fury Road', '2015-05-15 00:00:00', NULL, 'In a post-apocalyptic wasteland, a woman rebels against a tyrannical ruler to save a group of female prisoners.', 'http://dummy.com/poster/madmax.jpg', 'http://dummy.com/trailer/madmax.mp4', '2015-05-01 23:00:00', NULL, 0),
(43, 'Knives Out', '2019-11-27 00:00:00', NULL, 'A detective investigates the death of a wealthy crime novelist.', 'http://dummy.com/poster/knivesout.jpg', 'http://dummy.com/trailer/knivesout.mp4', '2019-10-01 08:00:00', NULL, 0),
(44, 'The Shape of Water', '2017-12-01 00:00:00', NULL, 'A mute cleaning lady forms an unlikely relationship with an aquatic creature.', 'http://dummy.com/poster/shapeofwater.jpg', 'http://dummy.com/trailer/shapeofwater.mp4', '2017-11-01 09:00:00', NULL, 0),
(45, 'Jaws', '1975-06-20 00:00:00', 15, 'A police chief, a marine scientist, and a grizzled shark hunter try to kill a massive great white shark.', 'http://dummy.com/poster/jaws.jpg', 'http://dummy.com/trailer/jaws.mp4', '2015-02-10 10:00:00', NULL, 0),
(46, 'Minari', '2020-02-26 00:00:00', NULL, 'A Korean-American family moves to an Arkansas farm in search of their own American Dream.', 'http://dummy.com/poster/minari.jpg', 'http://dummy.com/trailer/minari.mp4', '2020-01-01 11:00:00', NULL, 0),
(47, 'The Babadook', '2014-05-22 00:00:00', NULL, 'A single mother must confront a monster from a children''s book.', 'http://dummy.com/poster/babadook.jpg', 'http://dummy.com/trailer/babadook.mp4', '2015-03-20 12:00:00', NULL, 0),
(48, 'Finding Nemo', '2003-05-30 00:00:00', NULL, 'After his son is captured, a timid clownfish embarks on a journey to bring him home.', 'http://dummy.com/poster/findingnemo.jpg', 'http://dummy.com/trailer/findingnemo.mp4', '2016-03-01 13:00:00', NULL, 0),
(49, 'V For Vendetta', '2006-03-17 00:00:00', NULL, 'In a totalitarian future society, a freedom fighter known only as V uses terrorist tactics to fight against his oppressors.', 'http://dummy.com/poster/vforvendetta.jpg', 'http://dummy.com/trailer/vforvendetta.mp4', '2015-01-10 14:00:00', NULL, 0),
(50, 'Soft Deleted Film', '2018-01-01 00:00:00', 1, 'This is a film that has been soft-deleted.', 'http://dummy.com/poster/deleted.jpg', 'http://dummy.com/trailer/deleted.mp4', '2018-01-01 08:00:00', '2023-01-01 08:00:00', 1);


INSERT INTO `filmdirectors` (`FilmId`, `DirectorId`) VALUES
(1, 1), (2, 2), (3, 3), (4, 4), (5, 5), (6, 6), (7, 7), (8, 8), (9, 9), (10, 10),
(11, 6), (12, 1), (13, 12), (14, 13), (15, 14), (16, 15), (17, 16), (18, 17), (19, 20), (20, 11),
(21, 1), (22, 2), (23, 3), (24, 4), (25, 5), (26, 6), (27, 7), (28, 8), (29, 9), (30, 10),
(31, 11), (32, 12), (33, 13), (34, 14), (35, 15), (36, 15), (37, 1), (38, 5), (39, 3),
(41, 1), (42, 1), (43, 12), (44, 5), (45, 15), (46, 13), (47, 14), (48, 9), (49, 1), (50, 1),
(6, 11), (12, 11), (4, 19), (23, 11), (37, 20), (40, 11), (42, 6), (46, 2), (3, 20);


INSERT INTO `filmactors` (`FilmId`, `ActorId`) VALUES
(1, 1), (1, 5), (1, 22), (2, 16), (2, 15), (2, 11), (3, 1), (3, 12), (3, 2), (4, 24),
(4, 25), (4, 4), (5, 7), (5, 9), (5, 5), (6, 8), (6, 28), (6, 5), (6, 23), (7, 9),
(7, 13), (7, 11), (8, 7), (8, 27), (8, 26), (9, 2), (9, 26), (9, 27), (10, 2), (10, 3),
(10, 12), (11, 15), (11, 1), (11, 23), (12, 22), (12, 1), (12, 11), (12, 5), (13, 13), (13, 6),
(13, 12), (14, 1), (14, 26), (14, 18), (15, 14), (15, 29), (15, 2), (16, 3), (16, 17), (16, 29),
(17, 18), (17, 9), (17, 21), (18, 7), (18, 17), (18, 23), (19, 1), (19, 17), (19, 20), (19, 12),
(20, 17), (20, 26), (20, 2), (21, 22), (21, 23), (21, 8), (22, 6), (22, 11), (22, 8), (23, 1),
(23, 12), (23, 16), (24, 4), (24, 18), (24, 25), (25, 9), (25, 7), (25, 13), (26, 23), (26, 29),
(26, 2), (27, 5), (27, 21), (27, 6), (28, 7), (28, 5), (28, 20), (29, 2), (29, 27), (29, 13),
(30, 11), (30, 14), (30, 16), (31, 13), (31, 21), (31, 10), (32, 1), (32, 10), (32, 3), (33, 26),
(33, 10), (33, 27), (34, 10), (34, 14), (34, 19), (35, 3), (35, 1), (35, 20), (36, 1), (36, 2),
(36, 17), (37, 5), (37, 22), (37, 12), (38, 12), (38, 16), (38, 2), (39, 5), (39, 17), (39, 20),
(40, 5), (40, 22), (40, 21), (41, 1), (41, 23), (41, 5), (42, 5), (42, 23), (42, 10), (43, 14),
(43, 29), (43, 6), (44, 2), (44, 13), (44, 21), (45, 3), (45, 17), (45, 29), (46, 7), (46, 27),
(46, 18), (47, 21), (47, 13), (47, 18), (48, 3), (48, 10), (48, 27), (49, 14), (49, 5), (49, 23),
(50, 1), (50, 2), (50, 3);


INSERT INTO `filmgenres` (`FilmId`, `GenreId`) VALUES
(1, 1), (1, 5), (1, 6), (1, 2), (2, 3), (2, 4), (2, 11), (3, 10), (3, 2), (3, 6),
(4, 2), (4, 3), (4, 1), (5, 6), (5, 1), (5, 10), (6, 5), (6, 11), (6, 1), (7, 2),
(7, 4), (7, 12), (8, 2), (8, 3), (8, 6), (8, 10), (9, 8), (9, 11), (9, 5), (10, 2),
(10, 4), (10, 3), (11, 5), (11, 6), (11, 2), (12, 12), (12, 2), (12, 6), (13, 3), (13, 2),
(13, 11), (14, 2), (14, 7), (14, 12), (15, 9), (15, 6), (15, 2), (16, 5), (16, 1), (16, 6),
(17, 4), (17, 2), (17, 11), (18, 6), (18, 2), (18, 1), (19, 10), (19, 12), (19, 2), (20, 5),
(20, 1), (20, 3), (21, 1), (21, 6), (21, 5), (22, 2), (22, 4), (22, 12), (23, 2), (23, 10),
(23, 3), (24, 1), (24, 6), (24, 2), (25, 4), (25, 6), (25, 2), (26, 5), (26, 2), (26, 6),
(27, 2), (27, 4), (27, 10), (28, 10), (28, 6), (28, 2), (29, 8), (29, 11), (29, 1), (30, 12),
(30, 2), (30, 4), (31, 5), (31, 9), (31, 6), (32, 8), (32, 3), (32, 2), (33, 1), (33, 5),
(33, 11), (34, 9), (34, 5), (34, 6), (35, 12), (35, 2), (35, 7), (36, 4), (36, 2), (36, 1),
(37, 2), (37, 10), (37, 6), (38, 6), (38, 2), (38, 10), (39, 10), (39, 6), (39, 2), (40, 11),
(40, 1), (40, 2), (41, 5), (41, 2), (41, 1), (42, 1), (42, 5), (42, 6), (43, 10), (43, 3),
(43, 6), (44, 4), (44, 11), (44, 2), (45, 1), (45, 6), (45, 9), (46, 2), (46, 12), (46, 4),
(47, 9), (47, 2), (47, 6), (48, 8), (48, 3), (48, 2), (49, 1), (49, 5), (49, 6), (50, 2),
(50, 6), (50, 1);


INSERT INTO `reviews` (`Id`, `AccountId`, `MovieId`, `Rating`, `Favorites`, `Comment`, `CreatedAt`, `UpdatedAt`, `isDeleted`) VALUES
(1, 1, 1, 10, 1, 'Masterpiece of modern cinema. Nolan at his best!', '2020-05-01 10:00:00', NULL, 0),
(2, 2, 1, 9, 0, 'Complex and thrilling, but slightly confusing.', '2020-05-15 11:00:00', NULL, 0),
(3, 3, 1, 10, 1, 'The ending still gets me every time. Must watch!', '2021-01-01 12:00:00', NULL, 0),
(4, 4, 1, 8, 0, 'Great visuals and score.', '2022-03-20 13:00:00', NULL, 0),
(5, 5, 1, 7, 0, 'Overrated but still a solid sci-fi flick.', '2023-08-10 14:00:00', NULL, 0),
(6, 6, 1, 9, 1, 'An intellectual roller coaster.', '2024-01-05 15:00:00', NULL, 0),
(7, 7, 1, 8, 0, 'DiCaprio delivered an outstanding performance.', '2024-02-28 16:00:00', NULL, 0),
(8, 8, 1, 10, 1, 'Mind-blowing concepts. Perfect film.', '2024-05-10 17:00:00', NULL, 0),
(9, 9, 1, 6, 0, 'Too long and exposition-heavy.', '2024-08-01 18:00:00', NULL, 0),
(10, 10, 1, 9, 0, 'A modern classic, watched it multiple times.', '2025-01-01 19:00:00', NULL, 0),
(11, 2, 2, 9, 1, 'Surprisingly deep and hilarious.', '2023-09-01 20:00:00', NULL, 0),
(12, 4, 2, 8, 0, 'A fun ride with a great message.', '2023-10-10 21:00:00', NULL, 0),
(13, 6, 2, 9, 1, 'Gosling and Robbie were fantastic.', '2024-01-20 22:00:00', NULL, 0),
(14, 8, 2, 7, 0, 'Enjoyable, but not a masterpiece.', '2024-03-15 23:00:00', NULL, 0),
(15, 10, 2, 8, 0, 'Visually stunning.', '2024-06-01 08:00:00', NULL, 0),
(16, 1, 3, 10, 1, 'Tarantino''s finest work. Dialogue is king.', '2019-01-01 09:00:00', NULL, 0),
(17, 3, 3, 9, 0, 'Non-linear storytelling done right.', '2020-04-10 10:00:00', NULL, 0),
(18, 5, 3, 10, 1, 'Iconic scenes and performances.', '2021-08-15 11:00:00', NULL, 0),
(19, 7, 3, 8, 0, 'Violent, but undeniably stylish.', '2022-12-01 12:00:00', NULL, 0),
(20, 9, 3, 7, 0, 'A little dated, but still worth the watch.', '2023-11-20 13:00:00', NULL, 0),
(21, 1, 4, 9, 0, 'Cảm động và nhân văn. Phim gia đình tuyệt vời.', '2024-05-15 14:00:00', NULL, 0),
(22, 3, 4, 8, 1, 'Diễn xuất tốt, kịch bản chắc chắn.', '2024-06-01 15:00:00', NULL, 0),
(23, 5, 4, 7, 0, 'Hài hước vừa phải, thông điệp ý nghĩa.', '2024-07-07 16:00:00', NULL, 0),
(24, 7, 4, 9, 1, 'Bất ngờ về nội dung, Lý Hải làm tốt.', '2024-08-10 17:00:00', NULL, 0),
(25, 9, 4, 8, 0, 'Phim Việt chất lượng cao.', '2024-09-20 18:00:00', NULL, 0),
(26, 2, 5, 10, 1, 'Shocking twists and incredible action.', '2020-02-01 19:00:00', NULL, 0),
(27, 4, 5, 9, 0, 'A brutal masterpiece.', '2021-05-05 20:00:00', NULL, 0),
(28, 6, 5, 8, 0, 'Intense and unforgettable.', '2022-09-01 21:00:00', NULL, 0),
(29, 8, 5, 10, 1, 'One of the best thrillers ever made.', '2023-10-01 22:00:00', NULL, 0),
(30, 1, 6, 9, 1, 'A visual spectacle and epic continuation.', '2024-03-05 23:00:00', NULL, 0),
(31, 3, 6, 9, 0, 'Great adaptation, vast scale.', '2024-04-10 08:00:00', NULL, 0),
(32, 5, 6, 8, 0, 'Solid sci-fi, a bit slow at times.', '2024-05-01 09:00:00', NULL, 0),
(33, 7, 6, 10, 1, 'Peak cinema experience in IMAX.', '2024-06-20 10:00:00', NULL, 0),
(34, 1, 7, 8, 0, 'A powerful and emotional drama.', '2020-01-01 10:00:00', NULL, 0),
(35, 2, 8, 10, 1, 'Brilliant social commentary. Deserved the Oscar.', '2020-02-01 10:00:00', NULL, 0),
(36, 3, 9, 9, 0, 'Magical and heartwarming animation.', '2020-03-01 10:00:00', NULL, 0),
(37, 4, 10, 8, 0, 'Quirky and charming.', '2020-04-01 10:00:00', NULL, 0),
(38, 5, 11, 9, 1, 'Visually breathtaking sequel.', '2020-05-01 10:00:00', NULL, 0),
(39, 6, 12, 10, 1, 'The bomb drops, the movie is a blast.', '2023-09-01 10:00:00', NULL, 0),
(40, 7, 13, 8, 0, 'Wes Anderson''s distinct charm.', '2020-07-01 10:00:00', NULL, 0),
(41, 8, 14, 9, 0, 'A quiet, introspective journey.', '2021-02-01 10:00:00', NULL, 0),
(42, 9, 15, 9, 1, 'Smart and genuinely creepy horror.', '2020-08-01 10:00:00', NULL, 0),
(43, 10, 16, 8, 0, 'Nostalgic and exciting.', '2020-09-01 10:00:00', NULL, 0),
(44, 1, 17, 10, 1, 'Visually stunning, superb chemistry.', '2020-10-01 10:00:00', NULL, 0),
(45, 2, 18, 7, 0, 'Fast-paced disaster thriller.', '2020-11-01 10:00:00', NULL, 0),
(46, 3, 19, 8, 0, 'Epic length, epic performances.', '2020-12-01 10:00:00', NULL, 0),
(47, 4, 20, 9, 1, 'Gripping survival story.', '2021-01-10 10:00:00', NULL, 0),
(48, 5, 21, 6, 0, 'Confusing time-bending action.', '2021-02-20 10:00:00', NULL, 0),
(49, 6, 22, 9, 1, 'A beautiful reinterpretation of a classic.', '2021-03-30 10:00:00', NULL, 0),
(50, 7, 23, 8, 0, 'A love letter to old Hollywood.', '2021-04-15 10:00:00', NULL, 0),
(51, 8, 24, 7, 0, 'Solid Vietnamese action film.', '2021-05-01 10:00:00', NULL, 0),
(52, 9, 25, 10, 1, 'Intricate plot, stunning cinematography.', '2021-06-01 10:00:00', NULL, 0),
(53, 10, 26, 9, 0, 'Thought-provoking alien contact film.', '2021-07-01 10:00:00', NULL, 0),
(54, 1, 27, 8, 0, 'Subtle but intense character drama.', '2021-08-01 10:00:00', NULL, 0),
(55, 2, 28, 10, 1, 'A slow-burn masterpiece of police procedural.', '2021-09-01 10:00:00', NULL, 0),
(56, 3, 29, 9, 0, 'Environmental epic with deep themes.', '2021-10-01 10:00:00', NULL, 0),
(57, 4, 30, 7, 0, 'Stylish but empty period piece.', '2021-11-01 10:00:00', NULL, 0),
(58, 5, 31, 10, 1, 'Classic sci-fi horror. In space, no one can hear you scream.', '2021-12-01 10:00:00', NULL, 0),
(59, 6, 32, 8, 0, 'Charming stop-motion adventure.', '2022-01-01 10:00:00', NULL, 0),
(60, 7, 33, 6, 0, 'Overloaded with characters and plot.', '2022-02-01 10:00:00', NULL, 0),
(61, 8, 34, 8, 0, 'A great spectacle and solid thriller.', '2022-09-01 10:00:00', NULL, 0),
(62, 9, 35, 10, 1, 'One of the most important historical films.', '2020-06-01 10:00:00', NULL, 0),
(63, 10, 36, 7, 0, 'Epic romance, though the plot is simple.', '2020-07-01 10:00:00', NULL, 0),
(64, 1, 37, 9, 1, 'A dark and necessary character study.', '2020-08-01 10:00:00', NULL, 0),
(65, 2, 38, 8, 0, 'A gripping psychological thriller.', '2020-09-01 10:00:00', NULL, 0),
(66, 3, 39, 9, 1, 'Bleak, masterful modern western.', '2020-10-01 10:00:00', NULL, 0),
(67, 4, 40, 10, 1, 'The start of a legendary journey. The ultimate fantasy film.', '2020-11-01 10:00:00', NULL, 0),
(68, 5, 41, 9, 0, 'Emotional and mind-bending.', '2021-01-01 10:00:00', NULL, 0),
(69, 6, 42, 10, 1, 'Pure adrenaline action.', '2021-02-01 10:00:00', NULL, 0),
(70, 7, 43, 8, 0, 'Fun modern whodunit.', '2021-03-01 10:00:00', NULL, 0),
(71, 8, 44, 7, 0, 'Visually lush fairy tale for adults.', '2021-04-01 10:00:00', NULL, 0),
(72, 9, 45, 9, 1, 'The original blockbuster. Tense and terrifying.', '2020-05-01 10:00:00', NULL, 0),
(73, 10, 46, 8, 0, 'A beautiful, tender story of immigration.', '2021-06-01 10:00:00', NULL, 0),
(74, 1, 47, 8, 0, 'Truly unsettling and emotional horror.', '2021-07-01 10:00:00', NULL, 0),
(75, 2, 48, 9, 0, 'A Pixar classic, fun for all ages.', '2021-08-01 10:00:00', NULL, 0),
(76, 3, 49, 9, 1, 'A timeless political thriller.', '2021-09-01 10:00:00', NULL, 0),
(77, 4, 1, 9, 0, 'Second watch, still incredible.', '2023-01-01 10:00:00', NULL, 0),
(78, 5, 2, 6, 0, 'Not my style of comedy.', '2023-11-01 10:00:00', NULL, 0),
(79, 6, 3, 10, 1, 'Never fails to entertain.', '2022-01-01 10:00:00', NULL, 0),
(80, 7, 4, 8, 0, 'Cốt truyện dễ đoán nhưng cảm xúc chân thật.', '2024-05-20 10:00:00', NULL, 0),
(81, 8, 5, 9, 0, 'That hammer scene is legendary.', '2022-02-01 10:00:00', NULL, 0),
(82, 9, 6, 7, 0, 'Too much exposition on the politics.', '2024-03-10 10:00:00', NULL, 0),
(83, 10, 7, 9, 1, 'Beautiful score and cinematography.', '2022-03-01 10:00:00', NULL, 0),
(84, 1, 8, 10, 1, 'Perfect blend of genre and tone.', '2022-04-01 10:00:00', NULL, 0),
(85, 2, 9, 8, 0, 'Studio Ghibli magic at its finest.', '2022-05-01 10:00:00', NULL, 0),
(86, 3, 10, 8, 0, 'A moody, reflective film.', '2022-06-01 10:00:00', NULL, 0),
(87, 4, 11, 9, 0, 'Stunning visuals, though long.', '2022-07-01 10:00:00', NULL, 0),
(88, 5, 12, 10, 1, 'A masterful historical epic.', '2023-10-01 10:00:00', NULL, 0),
(89, 6, 13, 9, 1, 'Hilarious and exquisitely designed.', '2022-09-01 10:00:00', NULL, 0),
(90, 7, 14, 7, 0, 'A little too slow for me.', '2022-10-01 10:00:00', NULL, 0),
(91, 8, 15, 9, 1, 'Modern horror classic with substance.', '2022-11-01 10:00:00', NULL, 0),
(92, 9, 16, 8, 0, 'The effects still hold up.', '2022-12-01 10:00:00', NULL, 0),
(93, 10, 17, 9, 0, 'The tension is palpable.', '2023-01-01 10:00:00', NULL, 0),
(94, 1, 18, 7, 0, 'Solid performance, standard disaster plot.', '2023-02-01 10:00:00', NULL, 0),
(95, 2, 19, 9, 0, 'De Niro and Pacino are legends.', '2023-03-01 10:00:00', NULL, 0),
(96, 3, 20, 8, 0, 'A hopeful film about science.', '2023-04-01 10:00:00', NULL, 0),
(97, 4, 21, 7, 0, 'I still don''t fully get the plot.', '2023-05-01 10:00:00', NULL, 0),
(98, 5, 22, 9, 1, 'Florence Pugh shone brightly.', '2023-06-01 10:00:00', NULL, 0),
(99, 6, 23, 9, 1, 'Brad Pitt and Leo have amazing chemistry.', '2023-07-01 10:00:00', NULL, 0),
(100, 7, 24, 7, 0, 'Ngô Thanh Vân delivers the action.', '2023-08-01 10:00:00', NULL, 0),
(101, 8, 25, 10, 1, 'Incredible and surprising narrative.', '2023-09-01 10:00:00', NULL, 0),
(102, 9, 26, 8, 0, 'Thought-provoking, but emotionally distant.', '2023-10-01 10:00:00', NULL, 0),
(103, 10, 27, 8, 0, 'Strong acting, bleak atmosphere.', '2023-11-01 10:00:00', NULL, 0),
(104, 1, 28, 9, 0, 'Early Bong Joon-ho brilliance.', '2023-12-01 10:00:00', NULL, 0),
(105, 2, 29, 8, 0, 'A classic animation fantasy.', '2024-01-01 10:00:00', NULL, 0),
(106, 3, 30, 7, 0, 'Pretty costumes, not much else.', '2024-02-01 10:00:00', NULL, 0),
(107, 4, 31, 10, 1, 'Timeless horror.', '2024-03-01 10:00:00', NULL, 0),
(108, 5, 32, 9, 0, 'Typical Wes Anderson charm in animation.', '2024-04-01 10:00:00', NULL, 0),
(109, 6, 33, 5, 0, 'A bloated MCU entry.', '2024-05-01 10:00:00', NULL, 0),
(110, 7, 34, 8, 0, 'Original concept, solid execution.', '2024-06-01 10:00:00', NULL, 0),
(111, 8, 35, 10, 1, 'Essential viewing for historical context.', '2024-07-01 10:00:00', NULL, 0),
(112, 9, 36, 8, 0, 'The romance element is what makes it.', '2024-08-01 10:00:00', NULL, 0),
(113, 10, 37, 9, 0, 'Joaquin Phoenix was phenomenal.', '2024-09-01 10:00:00', NULL, 0),
(114, 1, 38, 9, 1, 'Genuinely shocking plot.', '2024-10-01 10:00:00', NULL, 0),
(115, 2, 39, 10, 1, 'Masterpiece of tension and evil.', '2024-11-01 10:00:00', NULL, 0),
(116, 3, 40, 10, 1, 'Perfect fantasy epic start.', '2024-12-01 10:00:00', NULL, 0),
(117, 4, 41, 8, 0, 'Emotional core is the strongest part.', '2025-01-01 10:00:00', NULL, 0),
(118, 5, 42, 10, 1, 'Non-stop action and stunning design.', '2025-02-01 10:00:00', NULL, 0),
(119, 6, 43, 9, 0, 'Fun cast and twisty mystery.', '2025-03-01 10:00:00', NULL, 0),
(120, 7, 44, 7, 0, 'Beautiful, but strange romance.', '2025-04-01 10:00:00', NULL, 0),
(121, 8, 45, 9, 1, 'Still scary after all these years.', '2025-05-01 10:00:00', NULL, 0),
(122, 9, 46, 8, 0, 'Touching portrayal of the American Dream.', '2025-06-01 10:00:00', NULL, 0),
(123, 10, 47, 8, 0, 'Good psychological horror.', '2025-07-01 10:00:00', NULL, 0),
(124, 1, 48, 9, 0, 'A classic journey.', '2025-08-01 10:00:00', NULL, 0),
(125, 2, 49, 8, 0, 'A relevant political commentary.', '2025-09-01 10:00:00', NULL, 0),
(126, 3, 41, 7, 0, 'A bit too long.', '2025-09-01 11:00:00', NULL, 0),
(127, 4, 42, 9, 1, 'Best action movie of the decade.', '2025-09-02 10:00:00', NULL, 0),
(128, 5, 1, 9, 0, 'Still a great rewatch.', '2025-09-03 10:00:00', NULL, 0),
(129, 6, 3, 7, 0, 'Overrated but fun moments.', '2025-09-04 10:00:00', NULL, 0),
(130, 7, 6, 9, 0, 'Great ending.', '2025-09-05 10:00:00', NULL, 0),
(131, 8, 12, 10, 1, 'Absolutely captivating.', '2025-09-06 10:00:00', NULL, 0),
(132, 9, 23, 8, 0, 'Great atmosphere.', '2025-09-07 10:00:00', NULL, 0),
(133, 10, 24, 7, 0, 'Action is good, story simple.', '2025-09-08 10:00:00', NULL, 0),
(134, 1, 25, 10, 1, 'Incredible plot twist.', '2025-09-09 10:00:00', NULL, 0),
(135, 2, 26, 9, 0, 'Made me think for days.', '2025-09-10 10:00:00', NULL, 0),
(136, 3, 27, 6, 0, 'Too depressing.', '2025-09-11 10:00:00', NULL, 0),
(137, 4, 28, 9, 0, 'A chilling unsolved case film.', '2025-09-12 10:00:00', NULL, 0),
(138, 5, 30, 5, 0, 'Boring.', '2025-09-13 10:00:00', NULL, 0),
(139, 6, 31, 10, 1, 'The best sci-fi horror.', '2025-09-14 10:00:00', NULL, 0),
(140, 7, 33, 4, 0, 'Worst Marvel film.', '2025-09-15 10:00:00', NULL, 0),
(141, 8, 34, 8, 0, 'Liked the suspense.', '2025-09-16 10:00:00', NULL, 0),
(142, 9, 36, 6, 0, 'The effects were great at the time.', '2025-09-17 10:00:00', NULL, 0),
(143, 10, 37, 9, 1, 'Deeply disturbing and resonant.', '2025-09-18 10:00:00', NULL, 0),
(144, 1, 38, 8, 0, 'A solid mystery film.', '2025-09-19 10:00:00', NULL, 0),
(145, 2, 39, 10, 1, 'The antagonist is terrifying.', '2025-09-20 10:00:00', NULL, 0),
(146, 3, 40, 9, 0, 'A real cinematic achievement.', '2025-09-21 10:00:00', NULL, 0),
(147, 4, 43, 8, 0, 'Enjoyable and clever.', '2025-09-22 10:00:00', NULL, 0),
(148, 5, 44, 7, 0, 'A bit too weird.', '2025-09-23 10:00:00', NULL, 0),
(149, 6, 45, 10, 1, 'Still scares me.', '2025-09-24 10:00:00', NULL, 0),
(150, 7, 46, 9, 0, 'Highly recommended drama.', '2025-09-25 10:00:00', NULL, 0),
(151, 8, 47, 8, 0, 'Good monster design.', '2025-09-26 10:00:00', NULL, 0),
(152, 9, 48, 9, 0, 'Cute and fun.', '2025-09-27 10:00:00', NULL, 0),
(153, 10, 49, 9, 1, 'Timeless message.', '2025-09-28 10:00:00', NULL, 0),
(154, 1, 5, 9, 0, 'Still excellent.', '2025-09-29 10:00:00', NULL, 0),
(155, 2, 8, 10, 1, 'Rewatch confirmed its brilliance.', '2025-09-30 10:00:00', NULL, 0),
(156, 3, 11, 8, 0, 'Visually the best sci-fi.', '2025-10-01 10:00:00', NULL, 0),
(157, 4, 13, 7, 0, 'Too stylized.', '2025-10-02 10:00:00', NULL, 0),
(158, 5, 15, 9, 1, 'Made me jump.', '2025-10-03 10:00:00', NULL, 0),
(159, 6, 17, 8, 0, 'Poetic and intense.', '2025-10-04 10:00:00', NULL, 0),
(160, 7, 19, 9, 1, 'Scorsese always delivers.', '2025-10-05 10:00:00', NULL, 0),
(161, 8, 20, 8, 0, 'A fun escape.', '2025-10-06 10:00:00', NULL, 0),
(162, 9, 22, 7, 0, 'A decent version.', '2025-10-07 10:00:00', NULL, 0),
(163, 10, 29, 9, 0, 'Hayao Miyazaki is a genius.', '2025-10-08 10:00:00', NULL, 0),
(164, 1, 32, 8, 0, 'Quirky and charming, but predictable.', '2025-10-09 10:00:00', NULL, 0),
(165, 2, 35, 10, 1, 'Absolutely necessary film.', '2025-10-10 10:00:00', NULL, 0),
(166, 3, 40, 10, 1, 'The greatest adventure film.', '2025-10-11 10:00:00', NULL, 0),
(167, 4, 41, 9, 0, 'Cried at the end.', '2025-10-12 10:00:00', NULL, 0),
(168, 5, 42, 9, 0, 'Relentless action.', '2025-10-13 10:00:00', NULL, 0),
(169, 6, 44, 7, 0, 'Interesting premise.', '2025-10-14 10:00:00', NULL, 0),
(170, 7, 47, 8, 0, 'Great jump scares.', '2025-10-15 10:00:00', NULL, 0),
(171, 8, 49, 8, 0, 'Still relevant today.', '2025-10-16 10:00:00', NULL, 0),
(172, 9, 1, 9, 0, 'A true spectacle.', '2025-10-17 10:00:00', NULL, 0),
(173, 10, 2, 7, 0, 'The comedy worked for me.', '2025-10-18 10:00:00', NULL, 0),
(174, 1, 3, 10, 1, 'Best movie ever made.', '2025-10-19 10:00:00', NULL, 0),
(175, 2, 4, 9, 1, 'Gia đình là số 1.', '2025-10-20 10:00:00', NULL, 0),
(176, 3, 5, 9, 0, 'Disturbing in a good way.', '2025-10-21 10:00:00', NULL, 0),
(177, 4, 6, 10, 1, 'Stunning visuals, great story.', '2025-10-22 10:00:00', NULL, 0),
(178, 5, 7, 8, 0, 'Moving and elegant.', '2025-10-23 10:00:00', NULL, 0),
(179, 6, 8, 10, 1, 'Absolutely brilliant.', '2025-10-24 10:00:00', NULL, 0),
(180, 7, 9, 9, 0, 'A beautiful journey.', '2025-10-25 10:00:00', NULL, 0),
(181, 8, 10, 8, 0, 'Sweet and melancholic.', '2025-10-26 10:00:00', NULL, 0),
(182, 9, 11, 7, 0, 'A bit dull.', '2025-10-27 10:00:00', NULL, 0),
(183, 10, 12, 10, 1, 'Masterpiece of tension.', '2025-10-28 10:00:00', NULL, 0),
(184, 1, 13, 9, 0, 'Perfectly crafted.', '2025-10-29 10:00:00', NULL, 0),
(185, 2, 14, 8, 0, 'A subtle look at life on the road.', '2025-10-30 10:00:00', NULL, 0),
(186, 3, 15, 9, 1, 'Highly effective social thriller.', '2025-10-31 10:00:00', NULL, 0),
(187, 4, 16, 9, 0, 'A childhood favorite.', '2025-11-01 10:00:00', NULL, 0),
(188, 5, 17, 9, 0, 'Visually magnificent.', '2025-11-02 10:00:00', NULL, 0),
(189, 6, 18, 7, 0, 'Good but forgettable.', '2025-11-03 10:00:00', NULL, 0),
(190, 7, 19, 8, 0, 'A fascinating look at the mob.', '2025-11-04 10:00:00', NULL, 0),
(191, 8, 20, 9, 1, 'Pure sci-fi fun.', '2025-11-05 10:00:00', NULL, 0),
(192, 9, 21, 6, 0, 'Too confusing for a rewatch.', '2025-11-06 10:00:00', NULL, 0),
(193, 10, 22, 8, 0, 'Liked the modern take.', '2025-11-07 10:00:00', NULL, 0),
(194, 1, 23, 9, 1, 'Leo and Brad are amazing.', '2025-11-08 10:00:00', NULL, 0),
(195, 2, 24, 8, 0, 'The action choreography is top notch.', '2025-11-09 10:00:00', NULL, 0),
(196, 3, 25, 10, 1, 'Mind-bending psychological thriller.', '2025-11-10 10:00:00', NULL, 0),
(197, 4, 26, 9, 0, 'One of the best of the decade.', '2025-11-11 10:00:00', NULL, 0),
(198, 5, 27, 8, 0, 'Subtle but powerful.', '2025-11-12 10:00:00', NULL, 0),
(199, 6, 28, 9, 1, 'Classic South Korean cinema.', '2025-11-13 10:00:00', NULL, 0),
(200, 7, 50, 1, 0, 'This film was bad, and it got deleted anyway. (Soft-deleted film review)', '2023-01-02 08:00:00', NULL, 0);
SET FOREIGN_KEY_CHECKS = 1;

COMMIT;